0.000125	1.7211796502903328e-05	0.051023396552635485	0.010000001081642187	1.0102081126910916	-2.4241042266556507e-05	0.0011623180514276504
0.00025	1.721656839027968e-05	0.05100824218479817	0.010000144443312105	1.0046871281650545	-4.3873141046573094e-05	0.0023526370607274594
0.000375	1.7218112230462815e-05	0.05100180876522134	0.010000439247035364	1.0022645626087485	-9.065702879308849e-05	0.0035584219924507856
0.0005	1.7217993680529917e-05	0.05099930446840678	0.010000884110425918	1.001192247191041	-0.00015026591813336815	0.004759432035904976
0.000625	1.721725459530921e-05	0.05099835094294217	0.010001477671905653	1.0006898179362143	-0.00020449829224662193	0.005953090344807501
0.00075	1.721636175252583e-05	0.05099797222338581	0.010002219012210043	1.0004562760063336	-0.00023963059767379545	0.007140017289283581
0.000875	1.721547202627701e-05	0.05099780095884846	0.01000310770010984	1.000350518505399	-0.00026242606881236874	0.008320301250090029
0.001	1.7214637196875598e-05	0.050997704085957	0.010004143494230193	1.0003050631631587	-0.0002869472158063695	0.009493614350961369
0.0011250000000000001	1.7213846024442352e-05	0.05099763286290237	0.010005325622917302	1.0002893243621431	-0.0003082878152211688	0.01066000425591905
0.0012500000000000002	1.721309159417356e-05	0.05099756970522493	0.010006653402707318	1.0002838430428922	-0.00033016912742352285	0.01181946553073559
0.0013750000000000004	1.721236334603711e-05	0.050997508337676974	0.010008125843792622	1.0002800105688165	-0.00034568245435941786	0.012972013968710828
0.0015000000000000005	1.7211659921423224e-05	0.05099744665694126	0.01000974235429789	1.000271329482625	-0.00037036420955893166	0.014117948124975318
0.0016250000000000006	1.7210959903469217e-05	0.05099738394652473	0.010011501096910609	1.0002571054363685	-0.00037567022847006056	0.015256842520203557
0.0017500000000000007	1.7210272765390454e-05	0.05099732032755116	0.010013401983956935	1.0002221742881137	-0.00040781071113008894	0.0163889884262658
0.0018750000000000008	1.7209569385718232e-05	0.05099725632816428	0.01001544223121746	1.000178487622658	-0.0003938270186331019	0.017511252220492584
0.002000000000000001	1.7208857456760473e-05	0.05099719323912836	0.010017621035500744	1.0000630250429112	-0.00043626629715387414	0.01862585981713002
0.002125000000000001	1.7208104592431536e-05	0.050997130383326754	0.010019939588957107	1.0000092984827986	-0.00039669250564418085	0.019731549606668963
0.002250000000000001	1.7207320688261875e-05	0.050997071737718266	0.01002239523633747	0.9998073159074062	-0.0004481685613225535	0.020831425464314823
0.0023750000000000012	1.720651234562596e-05	0.05099701253374721	0.010024990048988927	0.9998088222427682	-0.0003768686424409465	0.02192202811810538
0.0025000000000000014	1.7205649862668973e-05	0.05099696053982478	0.010027721612128023	0.9995618225404508	-0.00042922312722562186	0.023006704427695427
0.0026250000000000015	1.720479898651263e-05	0.05099690736189194	0.010030588449528553	0.9996622152549991	-0.000327786488061859	0.024081621867338008
0.0027500000000000016	1.7203893102347252e-05	0.0509968639423247	0.010033593158356047	0.9994172551701629	-0.00038184266579999556	0.025150225541296492
0.0028750000000000017	1.7203029102623348e-05	0.05099681866699247	0.010036728123600359	0.9995878703843186	-0.00026272598323645536	0.026211163120818916
0.003000000000000002	1.720210576623588e-05	0.050996785349334176	0.010040001294680152	0.9993567975126827	-0.00031179920345017866	0.02726393011556637
0.003125000000000002	1.720123936266879e-05	0.050996749363291835	0.010043401738407691	0.9995537455679294	-0.0001776087742815695	0.02831065677898674
0.003250000000000002	1.7200329551629886e-05	0.05099672712785897	0.010046938330812402	0.9993250247688923	-0.00021988423469723655	0.02934692562225789
0.003375000000000002	1.7199463885863908e-05	0.05099670228107997	0.010050600859672867	0.999525300584769	-8.152141576682786e-05	0.030379843444918172
0.0035000000000000022	1.7198575395354112e-05	0.050996691837074684	0.010054396280024806	0.9992861774232943	-0.00011975267988239954	0.031399405279761705
0.0036250000000000024	1.7197703736528956e-05	0.05099667986505552	0.010058317895888349	0.9994752007370278	2.053263748595003e-05	0.03241906728610981
0.0037500000000000025	1.719682539874119e-05	0.05099668221606895	0.010062369248528736	0.9992180509946769	-1.440832714421377e-05	0.03342221452066397
0.0038750000000000026	1.719593084005998e-05	0.0509966846119654	0.01006654728863804	0.9993972706895637	0.0001324837170047588	0.03442869473230176
0.004000000000000003	1.71950549025556e-05	0.05099670115871571	0.010070852340464773	0.9991279504529744	0.0001018810076779356	0.03541661165571478
0.004125000000000003	1.7194141941538728e-05	0.050996719433610005	0.010075283828329576	0.9993077323140246	0.0002502972860813249	0.03640884306207555
0.004250000000000003	1.7193253495851236e-05	0.05099675137302276	0.010079838586238243	0.9990169676420155	0.0002245674880456333	0.03737936584862833
0.004375000000000003	1.7192320203622434e-05	0.050996786574070266	0.010084519702053247	0.9992311100019985	0.00037051216711234336	0.03835901493150193
0.004500000000000003	1.7191420430595024e-05	0.050996834311757624	0.010089319443464204	0.9989545293184418	0.0003513559556925917	0.03931424044239681
0.004625000000000003	1.719048468932655e-05	0.050996886251561936	0.010094243874467595	0.9991784298138505	0.0005019421490139001	0.04027749248438322
0.004750000000000003	1.7189580634432154e-05	0.05099695035051881	0.01009928393025859	0.9989098924218102	0.00048481334028510175	0.04121632202402396
0.0048750000000000035	1.7188651524514073e-05	0.05099701937804366	0.010104446574756384	0.9991361226475123	0.0006382600734783701	0.04216156050711392
0.005000000000000004	1.7187729732084326e-05	0.05099709992304722	0.010109722698252228	0.9988678339999855	0.0006236279697607758	0.04308340659140361
0.005125000000000004	1.7186802855117533e-05	0.05099718604174593	0.010115118950727546	0.9990962252438976	0.0007761814492772772	0.044009301486634886
0.005250000000000004	1.718584786887452e-05	0.05099728293181303	0.010120627345945732	0.9988243461290399	0.0007624700356370237	0.044914069068745816
0.005375000000000004	1.718491221148095e-05	0.05099738585312188	0.010126252108587898	0.9990447316560656	0.0009170561954242738	0.04581873184715622
0.005500000000000004	1.7183912112613484e-05	0.05099749930210061	0.010131989184967312	0.9987599027970618	0.0009042013896174297	0.046706655154665815
0.005625000000000004	1.7182946397091248e-05	0.050997618713408695	0.01013783884975509	0.998968769018454	0.0010533588431591218	0.047589768203485455
0.005750000000000004	1.7181869855472842e-05	0.05099774759347361	0.010143801371415458	0.9986729142391463	0.0010409696984396025	0.048460443091029856
0.005875000000000004	1.7180841630231197e-05	0.05099788302697875	0.010149873720644404	0.9988661487127548	0.0011898027873587756	0.04932264013633129
0.0060000000000000045	1.7179660719408482e-05	0.05099802609621209	0.010156057971741806	0.99855904597036	0.0011780059648637676	0.05017775806384801
0.006125000000000005	1.7178562239857086e-05	0.05099817698191579	0.01016235019133265	0.9987445955024163	0.0013325761826722738	0.051020776782943526
0.006250000000000005	1.717727901606782e-05	0.05099833417988366	0.01016875275784677	0.9984322101059709	0.0013106037744752442	0.05186110580290027
0.006375000000000005	1.717608741649301e-05	0.05099849916459903	0.010175261198758811	0.9986281532685255	0.0014719549068147719	0.05268593228625152
0.006500000000000005	1.7174723388909648e-05	0.050998670301037635	0.010181875993693773	0.9983219920066775	0.0014426926869546964	0.0535115866774182
0.006625000000000005	1.7173428376541582e-05	0.05099884810156987	0.010188595911861834	0.9985252136908839	0.0016090669964940725	0.05431964531674222
0.006750000000000005	1.7171993088131832e-05	0.0509990331295797	0.010195415743533538	0.9982064992039248	0.001577505613220784	0.055127324646443106
0.006875000000000005	1.717058872866321e-05	0.05099922392691237	0.010202343887214384	0.9984326148807603	0.001743626412213157	0.05592077680428535
0.007000000000000005	1.7169093991465165e-05	0.05099942415219826	0.010209364164891186	0.9980967532220225	0.0017130590114841616	0.05670689495427904
0.0071250000000000055	1.7167582801094602e-05	0.050999628385782106	0.010216497599950166	0.9983464720057076	0.0018681117751142536	0.05748855111881798
0.007250000000000006	1.716605605617897e-05	0.05099984517711437	0.010223713064549556	0.9979940921071688	0.0018382610197256576	0.058253477448455215
0.007375000000000006	1.7164419779203413e-05	0.05100006149526346	0.01023104692817195	0.9982409714372592	0.0019852301568185748	0.05902347186905227
0.007500000000000006	1.7162873300847384e-05	0.051000295262038246	0.010238452440642748	0.9978412309484501	0.0019624774551593215	0.059763900440597845
0.007625000000000006	1.7161125278444882e-05	0.05100052297254429	0.010245982227509876	0.998106874314763	0.0020987221937916224	0.06052629773430784
0.007750000000000006	1.715957314518109e-05	0.05100077329603346	0.01025357278101093	0.9976574660742582	0.0020753341968140332	0.06124226203339278
0.007875000000000005	1.7157742797098666e-05	0.05100101181432996	0.010261291478249224	0.9979588103216032	0.0022090459370285604	0.061994504416414506
0.008000000000000005	1.7156208112061207e-05	0.05100127806173289	0.01026906231862631	0.997468126781937	0.0021853623155748915	0.06268638848658083
0.008125000000000005	1.7154341467834757e-05	0.05100152782124838	0.010276961010134636	0.9978134617324967	0.0023214433191849067	0.06342488684751564
0.008250000000000006	1.715282882053819e-05	0.05100180959199677	0.010284909229897504	0.9972962711970499	0.0022987975057441037	0.06409390003593604
0.008375000000000006	1.715097023856342e-05	0.05100207254347667	0.010292979275823991	0.9976991054609858	0.002436898203230171	0.06481550272976712
0.008500000000000006	1.7149481077233325e-05	0.051002369474836086	0.010301101442312681	0.9971838943922161	0.0024122425853314662	0.06546318476454843
0.008625000000000006	1.7147665153705532e-05	0.05100264815914387	0.010309336420511949	0.9976124189150144	0.0025560370826709917	0.06616503999578785
0.008750000000000006	1.7146188898915605e-05	0.051002960233119246	0.010317629233299734	0.9971186529596262	0.0025266167358109592	0.06679046320475888
0.008875000000000006	1.7144438726949583e-05	0.0510032566210442	0.010326023950122542	0.9975507194205637	0.002674899786233144	0.06746881180061921
0.009000000000000006	1.714295235692714e-05	0.05100358365802894	0.010334484916315192	0.9970887057682788	0.002643779716744397	0.06807477298029217
0.009125000000000006	1.7141263928908992e-05	0.05100389829282204	0.010343036167966979	0.9975017964545082	0.0027923599411333014	0.06872093231050791
0.009250000000000006	1.7139743923938808e-05	0.05100423993723185	0.010351660756652498	0.9970597451181623	0.002763321755310358	0.06931329968409047
0.009375000000000007	1.7138093323681286e-05	0.05100457248574585	0.010360365159993685	0.9974485439900076	0.0029085383591037767	0.06992339198573379
0.009500000000000007	1.7136514342868196e-05	0.05100492771300465	0.01036914665096295	0.9970205923584742	0.0028813719601620334	0.07050596366845636
0.009625000000000007	1.7134876110890242e-05	0.05100527704617329	0.0103780021178268	0.997390916274126	0.003024884488164189	0.07108216562199321
0.009750000000000007	1.7133214696027605e-05	0.051005643372598844	0.010386934493319046	0.9969775196529669	0.002994795866652838	0.07165544686080488
0.009875000000000007	1.7131551414327026e-05	0.051006007400386855	0.01039593840202078	0.9973155553560652	0.0031503017927905774	0.07220097340975686
0.010000000000000007	1.712980056932102e-05	0.0510063844676975	0.010405016322263738	0.9968979288820252	0.0031159052118972987	0.0727607937103855
0.010125000000000007	1.7128083973797543e-05	0.0510067623293913	0.010414165739881997	0.9972251700578445	0.0032700593296573046	0.0732850693930594
0.010250000000000007	1.712624998430472e-05	0.05100715067105892	0.010423381948964926	0.9967924622114905	0.0032328803041297817	0.07382190749539537
0.010375000000000007	1.7124451023697506e-05	0.05100754065814705	0.010432671925989354	0.9971403592982604	0.003371335681024154	0.07433628723058147
0.010500000000000008	1.712256058773027e-05	0.05100794126730952	0.010442020459904607	0.9967194927257625	0.003331357851051969	0.07484213715463955
0.010625000000000008	1.712068375350196e-05	0.05100834118982623	0.010451443551999827	0.9970525082066192	0.0034562175188561353	0.07535267201455885
0.010750000000000008	1.7118770547979076e-05	0.051008753731339174	0.010460917786767969	0.996623799963479	0.0034105934169184086	0.07582889640092581
0.010875000000000008	1.7116839325700043e-05	0.05100916110853331	0.010470466536573343	0.9969561686994547	0.003523414724261455	0.07633493215976779
0.011000000000000008	1.711494413528694e-05	0.05100958355545198	0.010480058200504601	0.9964822601224855	0.0034704139407336584	0.0767841066476674
0.011125000000000008	1.7112984204499354e-05	0.05100999588990652	0.010489724615473607	0.9968421034458779	0.003571479512590261	0.07728430537516082
0.011250000000000008	1.7111129787297242e-05	0.05101042694607506	0.010499426711923865	0.9963102685479708	0.0035149404163527624	0.07770756669808532
0.011375000000000008	1.7109167956934617e-05	0.05101084335410061	0.010509204215242682	0.9967146770422038	0.0036160294490236683	0.0781985685808383
0.011500000000000008	1.7107375300248324e-05	0.05101128348232979	0.010519012769156061	0.9961476781073401	0.003547328986419165	0.0786004283089754
0.011625000000000009	1.710543595563307e-05	0.05101170511042386	0.010528895455560686	0.9965726596054099	0.0036533504397111235	0.07907519568298313
0.011750000000000009	1.7103686581747624e-05	0.05101215334641067	0.010538809294616685	0.9959770398499314	0.0035722853696954263	0.07945808870193982
0.011875000000000009	1.7101784513535418e-05	0.05101258161214814	0.010548792485973244	0.9964124750597213	0.0036852615721264283	0.07990891024991165
0.012000000000000009	1.7100053054259234e-05	0.05101303662832483	0.010558810746353342	0.9957975761603712	0.003592153177490136	0.08027586797650356
0.012125000000000009	1.709818513112424e-05	0.05101347238450945	0.010568890660889752	0.9962249866211749	0.0037157548567654194	0.0806963868876348
0.01225000000000001	1.7096445893385264e-05	0.05101393288884096	0.010579012865362187	0.9955835470291224	0.003609589548631366	0.08104879529171746
0.01237500000000001	1.7094600700396173e-05	0.05101437540357076	0.010589186462122865	0.9959910478312894	0.003740236170184767	0.08144173980629048
0.01250000000000001	1.7092839190593916e-05	0.051014838707782256	0.010599409617526288	0.9953266281180524	0.0036233355020448355	0.08177850481443721
0.01262500000000001	1.709100081370325e-05	0.051015286383676535	0.010609676016789797	0.9956928427697174	0.0037573857737263224	0.08214869534489729
0.01275000000000001	1.7089206026987048e-05	0.05101575041991905	0.010619994787989459	0.9950127520425466	0.0036378046178757012	0.08246912370808727
0.01287500000000001	1.7087344860265904e-05	0.05101620121109055	0.010630353926405251	0.9953112684003557	0.0037767342282752367	0.08281479574793836
0.01300000000000001	1.7085506746042006e-05	0.051016663800107685	0.010640760220558949	0.9946204656651177	0.0036540214757708037	0.08311954471580844
0.01312500000000001	1.7083586129824782e-05	0.05101711586175483	0.010651210838715583	0.9948899876637981	0.0037713058716471798	0.0834446047309074
0.01325000000000001	1.708170122658347e-05	0.0510175760686792	0.01066169831585537	0.9942285144020713	0.003653382617189634	0.08373267464320787
0.01337500000000001	1.707970050283152e-05	0.05101802544778225	0.010672236401112851	0.9944243163390293	0.003745080356948248	0.08404512586380046
0.01350000000000001	1.707778110446192e-05	0.051018483105045	0.010682800441660818	0.9937773659064945	0.0036337073328821337	0.08432287802671096
0.01362500000000001	1.707569453977169e-05	0.05101892374982574	0.010693421392085789	0.993918299116741	0.0037118681186045395	0.08462360951218054
0.01375000000000001	1.7073776942453293e-05	0.05101937513866005	0.010704053094045965	0.9932763155542171	0.0035978670690614447	0.08488666151077684
0.01387500000000001	1.7071624158453454e-05	0.05101980156686179	0.010714747225282168	0.9934851457180406	0.003652709608812765	0.0851822837090646
0.01400000000000001	1.706975190662531e-05	0.05102024567608987	0.010725438028660798	0.9928562625067758	0.003540666296722556	0.08542883644711706
0.01412500000000001	1.7067578231671492e-05	0.05102065899586568	0.010736197716717235	0.9931444162639987	0.0035858960843927075	0.08571983364770366
0.014250000000000011	1.706575403069919e-05	0.05102109680625067	0.01074694624655306	0.9925085888113007	0.0034695377187535757	0.08594828737832379
0.014375000000000011	1.7063599953561294e-05	0.051021498959715764	0.010757766213356263	0.9928591382134386	0.003508387481919596	0.08623417779139562
0.014500000000000011	1.7061814519209843e-05	0.05102193019346484	0.010768574601131866	0.9922003546669947	0.0033806422319676314	0.08644752995104109
0.014625000000000011	1.7059694285117862e-05	0.051022322522921736	0.010779450002338828	0.9926172234333841	0.0034163142759615632	0.08672068756061775
0.014750000000000011	1.705792876109476e-05	0.051022744847273	0.010790317523915975	0.9919941175543842	0.003284571709561696	0.08692421094871595
0.014875000000000011	1.7055867363037918e-05	0.05102312663969452	0.010801245177244114	0.9924809938482941	0.003329049040074705	0.08717730635780749
0.015000000000000012	1.7054104473884404e-05	0.051023536853123226	0.010812172151185358	0.9918685416990654	0.003180969011408982	0.08737078056931846
0.015125000000000012	1.705208784734558e-05	0.05102390764562374	0.010823151190455077	0.992419970460092	0.0032346794001632336	0.08759911002773514
0.015250000000000012	1.7050285483633747e-05	0.05102430339785673	0.01083413550744984	0.9918341630289783	0.003075274507098352	0.08778258131178074
0.015375000000000012	1.704829118595729e-05	0.05102466256803951	0.010845163377908543	0.9924499970907936	0.003152671260317997	0.08798672439033155
0.015500000000000012	1.704645043149956e-05	0.05102504281405829	0.010856201938548896	0.9918816519589113	0.002982672659016574	0.08815423624509153
0.01562500000000001	1.7044450343690614e-05	0.05102539059408963	0.01086727745544069	0.9925668989819757	0.0030686912290820833	0.08834584114389542
0.01575000000000001	1.704258513990973e-05	0.05102575505417357	0.01087836757698905	0.9920174494453071	0.002892664148254582	0.08848545151991247
0.01587500000000001	1.704055977934345e-05	0.05102609048469122	0.01088948866943496	0.9927452705159425	0.0029604211980614487	0.088677071209002
0.01600000000000001	1.7038679640417067e-05	0.051026436727907874	0.010900625421080848	0.9922923521696182	0.0027904964329490346	0.08879099202857993
0.01612500000000001	1.703660441360178e-05	0.05102675611271157	0.010911790689192614	0.9930164087152218	0.0028440833332812184	0.08897731615765644
0.01625000000000001	1.703473182100698e-05	0.051027086829939124	0.010922966039230117	0.9925032108145994	0.002679798368423937	0.08908133259338649
0.01637500000000001	1.7032594327575363e-05	0.051027389132748784	0.010934174735282961	0.9931315462023189	0.002714521056868701	0.08925254756086028
0.01650000000000001	1.7030739212166865e-05	0.05102770570304756	0.010945378562734356	0.992547777897938	0.002553559892438211	0.0893588832384647
0.01662500000000001	1.7028555736660277e-05	0.05102798866924561	0.010956625455373608	0.9931627484309841	0.0025778252052583803	0.0895187355822045
0.01675000000000001	1.7026742835826663e-05	0.051028290760991794	0.010967855813684172	0.9925465399223129	0.0024261260699588653	0.08962912890141567
0.01687500000000001	1.7024564246064892e-05	0.0510285550022888	0.010979135404779176	0.9931552396931487	0.002446247025353722	0.08977525495513947
0.01700000000000001	1.7022792907395643e-05	0.05102884399805978	0.010990392717205677	0.9925186187121556	0.002289371645266766	0.08988439443457637
0.017125000000000012	1.702063839470305e-05	0.051029091877581416	0.011001698161506868	0.9931220422773025	0.0023041160928176665	0.09001609331468678
0.017250000000000012	1.701890046880056e-05	0.051029367148108164	0.011012981780254335	0.9924901107989857	0.002147333395601763	0.09011815497723154
0.017375000000000012	1.701681607626286e-05	0.051029599687159706	0.011024308424840597	0.9930794540966175	0.0021568030970602935	0.09023340526438171
0.017500000000000012	1.70150986620349e-05	0.05102985908861432	0.01103561780232847	0.9924569569936021	0.001992048671484306	0.09031910641752716
0.017625000000000012	1.7013084198032103e-05	0.0510300746626936	0.011046962985557695	0.9930409648281685	0.0019993738263875812	0.09042476810129163
0.017750000000000012	1.7011351934726662e-05	0.05103031452690093	0.011058298637955988	0.9924301830429385	0.0018195205633251446	0.09049544168257616
0.017875000000000012	1.7009377434581587e-05	0.0510305105837493	0.011069661745278353	0.9930623077117035	0.0018329779868194447	0.09058729709601755
0.018000000000000013	1.7007606961603335e-05	0.051030728434552856	0.011081020975424587	0.9924838894842729	0.0016456330201177123	0.09065042377749556
0.018125000000000013	1.70056646854487e-05	0.05103090499035702	0.011092402828901539	0.9930808338298899	0.0016803224064789522	0.09072684839300468
0.018250000000000013	1.7003850918397965e-05	0.05103110202990283	0.011103785527331463	0.9924337606354551	0.001481193638442113	0.09077198184167554
0.018375000000000013	1.7001910015304318e-05	0.051031260247700536	0.01111518520749461	0.9930357077486638	0.0015197170081799939	0.09084078799740392
0.018500000000000013	1.7000065050615817e-05	0.05103143708040796	0.011126587921588564	0.9923126506650528	0.001314265855030771	0.09085979935778457
0.018625000000000013	1.6998092158345346e-05	0.051031577259588984	0.011138002789527254	0.9928384189380127	0.0013620753184815384	0.09093027710516641
0.018750000000000013	1.6996243880834664e-05	0.051031731576122674	0.011149420441353787	0.9920817318891679	0.0011459913533353508	0.09092692995020056
0.018875000000000013	1.6994212007623585e-05	0.051031850511147614	0.011160848117767977	0.9925937609747503	0.0011820352620071882	0.09100265827017562
0.019000000000000013	1.699238607209291e-05	0.05103198064966844	0.011172272661158745	0.9917628971459418	0.0009715418095418003	0.0909826154218342
0.019125000000000014	1.699029329736206e-05	0.05103207455205619	0.01118371165757691	0.99228797799283	0.001002581663708131	0.0910628917378938
0.019250000000000014	1.6988524997774895e-05	0.05103218107168896	0.011195137441978954	0.991372180041054	0.0007940416405092616	0.09103448151999483
0.019375000000000014	1.6986392772872565e-05	0.05103224799363991	0.011206584599409578	0.9919718393584032	0.0008146241562982353	0.09110523135584606
0.019500000000000014	1.698467250932905e-05	0.051032331618130845	0.011218010328537932	0.9910657039999524	0.000610332203188281	0.09109216679284242
0.019625000000000014	1.6982564703018814e-05	0.05103237395575559	0.011229462263388106	0.9916914961269859	0.000618848199293947	0.09114334446362497
0.019750000000000014	1.6980901851885343e-05	0.051032435140989214	0.011240887266071153	0.9908568470603994	0.0004254399199284493	0.09114423436724868
0.019875000000000014	1.6978879355444204e-05	0.05103245475653555	0.011252338322427047	0.991470749596142	0.00044205476472095664	0.09117155033625865
0.020000000000000014	1.6977252356941327e-05	0.051032492629221694	0.011263763941563565	0.9907121066518243	0.00023962164324511738	0.0911768581646608
0.020125000000000014	1.6975324471390023e-05	0.051032490291047325	0.011275210627881869	0.9913645632406695	0.00025141391368563266	0.09118316045000283
0.020250000000000015	1.697369959863157e-05	0.05103250405854029	0.011286638309301033	0.9907040280422087	5.458649800962893e-05	0.09118708062726069
0.020375000000000015	1.6971856229423907e-05	0.05103247940580958	0.011298081605182963	0.9913718648058788	6.849417696806154e-05	0.09117512180822927
0.020500000000000015	1.697019683540228e-05	0.051032468189433806	0.011309513080134033	0.990818402397464	-0.0001369118422704585	0.09116514659714336
0.020625000000000015	1.696842112477873e-05	0.051032421566952875	0.011320953780711867	0.9914462698658506	-0.00011451553235838591	0.09114682085255016
0.020750000000000015	1.6966705488089825e-05	0.05103238671070638	0.011332388992828624	0.9908740640496485	-0.00033429768236754816	0.0911224546995244
0.020875000000000015	1.696495661411198e-05	0.051032318925804086	0.011343827498025977	0.9914193230161917	-0.00030136290060310653	0.09109667881748611
0.021000000000000015	1.6963171036092404e-05	0.05103226103082582	0.011355262049993927	0.9907652536722054	-0.0005181852120922218	0.09105996715362569
0.021125000000000015	1.696140510693051e-05	0.05103217193919652	0.011366695672088848	0.9913163047613125	-0.0004849040281492829	0.09103077585596427
0.021250000000000015	1.6959589042400263e-05	0.05103209059333445	0.01137812448928296	0.9905779324108924	-0.0007045744414847086	0.09096653082469151
0.021375000000000016	1.695776108450858e-05	0.05103198003244316	0.011389549402243496	0.9910952067122284	-0.0006604423297646686	0.09094394666327711
0.021500000000000016	1.6955929213873838e-05	0.05103187457735266	0.011400966186642514	0.9903113752225592	-0.0008853761194858363	0.0908603313083673
0.021625000000000016	1.6954021355275286e-05	0.051031742134643725	0.011412380166359008	0.99088063699392	-0.0008342106471482455	0.09084332441294928
0.021750000000000016	1.6952209726682086e-05	0.0510316142592023	0.011423779956157615	0.9899738008340271	-0.0010602387246258496	0.09074299530906782
0.021875000000000016	1.6950242529594872e-05	0.05103145807959838	0.011435181269465274	0.990667963963356	-0.001008920217600288	0.09073815282456549
0.022000000000000016	1.6948503450669213e-05	0.051031306331062884	0.011446560531283557	0.9898167313717418	-0.0012383777107319736	0.09062486643517405
0.022125000000000016	1.6946551151511657e-05	0.05103112598384598	0.011457943771938942	0.9905823340572394	-0.0011929243524302733	0.09062195434928341
0.022250000000000016	1.6944899757352814e-05	0.05103095219530004	0.011469302314721137	0.9897192469629936	-0.0014183200558568337	0.09051056190024219
0.022375000000000016	1.6943047550672957e-05	0.051030750515218895	0.0114806641986422	0.9905312231572706	-0.0013843966198320708	0.09048920591176147
0.022500000000000017	1.694147316954273e-05	0.0510305558947671	0.011492001831489814	0.9896756419742849	-0.001605447840502751	0.0903951450085151
0.022625000000000017	1.69397473281325e-05	0.051030335089786535	0.011503341679004575	0.9903846867776398	-0.0015720335873475576	0.09034348802238726
0.022750000000000017	1.6938192974698178e-05	0.05103011782286969	0.011514661397304927	0.9895409379238252	-0.0017818010607584622	0.09026363436216225
0.022875000000000017	1.6936555339878743e-05	0.05102987827810486	0.011525976269987004	0.9901575854374937	-0.0017443815967932523	0.09018685904906387
0.023000000000000017	1.693496824604825e-05	0.05102963891819047	0.011537281192973285	0.9892972633017463	-0.001954038898727649	0.09011363594788026
0.023125000000000017	1.6933390479587387e-05	0.05102938143628214	0.011548572444670755	0.989770609627289	-0.0019200852293792675	0.09001514616497218
0.023250000000000017	1.693173211388002e-05	0.05102912051331737	0.011559860664311866	0.9889244001585702	-0.0021266825137749744	0.0899371421487805
0.023375000000000017	1.6930185335239145e-05	0.05102884380569184	0.011571127708178544	0.9893190479556421	-0.0020856398245956147	0.0898281481303588
0.023500000000000017	1.692844857085385e-05	0.051028561491572914	0.011582396397568254	0.9885372104784871	-0.00230418276180772	0.08974038987789394
0.023625000000000018	1.6926926858576807e-05	0.05102826330984706	0.011593640137112015	0.9889461992731622	-0.002259251798919868	0.08962954492909703
0.023750000000000018	1.6925137151409592e-05	0.051027958894407255	0.011604884311073446	0.988202281926825	-0.002483678701386257	0.08953309008001643
0.023875000000000018	1.6923611541571777e-05	0.05102763862076763	0.011616104251362456	0.9887492204097312	-0.0024204504948048323	0.08942218087608415
0.024000000000000018	1.6921795153375404e-05	0.05102731073804639	0.011627321837623278	0.9880580323089104	-0.002646920763339532	0.08930475893131316
0.024125000000000018	1.692021911456453e-05	0.05102696772679449	0.011638518509871132	0.9888218952487083	-0.002574933718605851	0.0892051940297438
0.024250000000000018	1.6918404140956072e-05	0.05102661637934507	0.011649706874364299	0.9881783227020267	-0.0028032897170136716	0.0890623440550897
0.024375000000000018	1.691673792289778e-05	0.05102625062114947	0.011660879742417987	0.9890925970477142	-0.002718717215786673	0.08897769758112602
0.02450000000000002	1.691493345396807e-05	0.05102587803101864	0.011672037197937286	0.9884315837859206	-0.0029514432293413525	0.08881704914411208
0.02462500000000002	1.691320495203546e-05	0.05102549006648067	0.01168318424634371	0.9895308717155565	-0.002872962137410264	0.08874691991592445
0.02475000000000002	1.6911458169719386e-05	0.051025095786791604	0.011694311316329668	0.9889038264386976	-0.0031029765330562215	0.08857093894569273
0.02487500000000002	1.690972315151472e-05	0.05102468306126678	0.011705426009358331	0.9901440560479456	-0.0030279449862048937	0.08850460102273223
0.02500000000000002	1.6908057146129888e-05	0.05102426689858369	0.011716518559960025	0.989502614480752	-0.0032536969861260753	0.08831920869356805
0.02512500000000002	1.690639617526295e-05	0.051023832738564735	0.011727595044557856	0.9908045884958746	-0.00319688460124792	0.08823752251016656
0.02525000000000002	1.6904827060497053e-05	0.05102339657462981	0.011738653290250195	0.990143815898448	-0.0034201814385263975	0.08806428994854487
0.02537500000000002	1.6903262468138495e-05	0.0510229443949508	0.01174969216150194	0.9913137632648019	-0.003385193046095011	0.08795525942199413
0.02550000000000002	1.6901756765664473e-05	0.05102248988725037	0.01176071432521856	0.9906293624039072	-0.00358180826537799	0.08780076859081089
0.02562500000000002	1.6900263803052923e-05	0.051022019939695074	0.011771716930671774	0.9916829911454464	-0.003539664518401222	0.08766424835246502
0.02575000000000002	1.6898759424126882e-05	0.0510215468792174	0.011782706288743791	0.9909989889241876	-0.0037349982655734662	0.08752034522916845
0.02587500000000002	1.6897307103033654e-05	0.0510210580198993	0.011793670265347363	0.9920924276188643	-0.0036950624219777486	0.08736298816881055
0.02600000000000002	1.6895782533364625e-05	0.05102056677372987	0.011804625442570205	0.991462791697595	-0.003875819726225736	0.08722056994980414
0.02612500000000002	1.689433509305125e-05	0.051020058809077735	0.011815552226530506	0.9924991804204281	-0.0038375445011559787	0.08705125594774789
0.02625000000000002	1.6892770210627688e-05	0.051019552342668376	0.011826471671090579	0.9918219429687067	-0.004019500892437864	0.08689803398142716
0.02637500000000002	1.6891306007822954e-05	0.05101902530653851	0.01183736186125015	0.9927911816865951	-0.003982474854411704	0.08673575612335951
0.02650000000000002	1.6889706831209557e-05	0.051018502926926196	0.01184824227986638	0.9920584118949509	-0.004177301156005958	0.08658040423515476
0.02662500000000002	1.6888211711915158e-05	0.05101795701793574	0.011859098050838192	0.9930777124403648	-0.004134155396495307	0.08641033439687788
0.02675000000000002	1.6886588642453917e-05	0.051017419983491095	0.011869937556905682	0.992258855228313	-0.004318148065488636	0.0862532748489859
0.02687500000000002	1.6885053954646505e-05	0.05101685756982811	0.011880758092739007	0.9933345374480415	-0.00424065792228021	0.08608017159906489
0.02700000000000002	1.6883417469010666e-05	0.051016306250105746	0.011891556060102467	0.9924019478695307	-0.004432417753844855	0.08591380800141189
0.02712500000000002	1.688181684682335e-05	0.05101573090224209	0.011902339643485185	0.9935137492972679	-0.004332657893556596	0.08574521250903613
0.02725000000000002	1.688015141498832e-05	0.05101516603033957	0.011913095358439398	0.992439336582668	-0.004526114351884555	0.08555667210536604
0.02737500000000002	1.687850964485169e-05	0.05101458072213998	0.011923834529216514	0.9935989179087266	-0.004437818743319628	0.08540994611431237
0.02750000000000002	1.687686400450931e-05	0.05101400033321552	0.011934548552406322	0.9924911683924112	-0.004625882695603954	0.08520006085698993
0.02762500000000002	1.687522979181361e-05	0.05101340537015446	0.011945240347453485	0.9935563251612213	-0.0045479175466958685	0.08506296638817049
0.02775000000000002	1.6873592048290282e-05	0.051012808284908354	0.011955911228894672	0.9924343100164494	-0.004719646896767799	0.08484991406456194
0.02787500000000002	1.6872015010966717e-05	0.05101220205458539	0.011966553661794478	0.993518876033816	-0.004658127015767299	0.08469395261421903
0.02800000000000002	1.687042456419617e-05	0.05101158795132495	0.011977181809241701	0.9924888618886095	-0.004833587082160987	0.08449835281979651
0.02812500000000002	1.686893559798653e-05	0.05101096812616115	0.011987776275143195	0.9934554805901467	-0.004790108276200603	0.08431412783225359
0.02825000000000002	1.6867354283862805e-05	0.05101033562273977	0.011998356086846167	0.992528017172932	-0.004938615408623435	0.08414316710285914
0.02837500000000002	1.6865925581966593e-05	0.05100970069947971	0.012008900199500714	0.9934392213646736	-0.004890547918210632	0.08393322792569015
0.028500000000000022	1.686435671074268e-05	0.05100905263578422	0.01201943393652318	0.9925814136800696	-0.005046595189576619	0.08377661574005679
0.028625000000000022	1.686295593333275e-05	0.051008404677494124	0.01202992827336097	0.993412747926251	-0.004985889206325372	0.08355076567661052
0.028750000000000022	1.6861385714282383e-05	0.051007744467987844	0.012040413687313966	0.9926112129488384	-0.005135003575646476	0.08339056919374327
0.028875000000000022	1.6859991960132473e-05	0.05100708608723508	0.012050860527914951	0.9933724144006871	-0.005065586111786573	0.08315975438775787
0.029000000000000022	1.685838582408466e-05	0.05100641650338574	0.012061297854918024	0.9926417727497099	-0.005217634528746038	0.08297914530754635
0.029125000000000022	1.6857001278679756e-05	0.05100574687049074	0.012071697208315519	0.993338184827442	-0.0051388767342772325	0.08276802069981418
0.029250000000000023	1.685537486512368e-05	0.0510050715949074	0.012082085621931958	0.9926002073349626	-0.005312828612121072	0.0825735475283272
0.029375000000000023	1.6853994051916925e-05	0.051004394107593116	0.0120924359902524	0.9933217281892717	-0.0052251069045337805	0.08236244308829022
0.029500000000000023	1.6852356304331726e-05	0.051003715355588265	0.012102772129771266	0.9925561948867448	-0.005387520549355626	0.08215234325252199
0.029625000000000023	1.685095744692801e-05	0.0510030320916111	0.012113070176283491	0.993336618877722	-0.005269493528199449	0.08193924768459664
0.029750000000000023	1.684933754901057e-05	0.051002350508292896	0.012123349759214717	0.9925420225722715	-0.005440846400258619	0.0817171000294881
0.029875000000000023	1.6847882606939513e-05	0.051001662531337776	0.012133596583096542	0.9933459281074174	-0.005288702294542958	0.08150396633061473
0.030000000000000023	1.6846262641700656e-05	0.05100097932871174	0.0121438170968075	0.9923921182656152	-0.005459889219620271	0.08126941394997027
0.030125000000000023	1.684471502204485e-05	0.05100028759033485	0.012154013913130824	0.993295056582882	-0.005299857945185427	0.08106937720847766
0.030250000000000023	1.6843109138007382e-05	0.05099960144418025	0.01216418145108097	0.9922227218774627	-0.005472570047172876	0.08082630946181162
0.030375000000000024	1.684146753354596e-05	0.05099890412934053	0.012174329913677995	0.9931594531764565	-0.0052947309423549485	0.08063714419916088
0.030500000000000024	1.683987507197079e-05	0.050998215853816135	0.012184444854168015	0.9919848660045807	-0.005453501057987148	0.08038360433474175
0.030625000000000024	1.68381930889512e-05	0.05099751707589515	0.012194543814659628	0.9930550095504351	-0.005292040140655147	0.08019374309529609
0.030750000000000024	1.6836666504206406e-05	0.0509968284657578	0.012204604171478959	0.9919341383781507	-0.005449260348279155	0.0799430675411155
0.030875000000000024	1.683500449507358e-05	0.05099612805799849	0.012214650094350306	0.9929812758476427	-0.005322313501851336	0.0797386731444882
0.031000000000000024	1.6833523872816417e-05	0.050995438959743386	0.012224649016262253	0.9919588231418843	-0.0054406994539356645	0.07950443705602693
0.031125000000000024	1.683192896606556e-05	0.05099473697125367	0.012234634519138815	0.9930120861556707	-0.00532028035791969	0.07927675034420474
0.03125000000000002	1.6830482721013796e-05	0.05099404679825868	0.01224457581003402	0.9920621910838193	-0.005451066338147557	0.07904947754645632
0.03137500000000002	1.6828967806817226e-05	0.05099334560223841	0.01225449249896674	0.9930409167559978	-0.005336527903633679	0.0788050321508719
0.03150000000000002	1.6827537443395875e-05	0.050992654999622494	0.012264371550124793	0.9921373656871184	-0.005450385081760596	0.07856785597096001
0.03162500000000002	1.6826079152970387e-05	0.05099195344628532	0.012274218975737617	0.9930240862973012	-0.0053347703996654144	0.07831697045529618
0.03175000000000002	1.6824619083308496e-05	0.05099126038679717	0.012284031735541115	0.9922306968037126	-0.0054509779404245924	0.07804969199955704
0.03187500000000002	1.682321277323448e-05	0.05099055555167966	0.012293812960178778	0.993035631133381	-0.005338480427133564	0.07781929759712074
0.03200000000000002	1.6821722076512725e-05	0.05098986309349491	0.012303559301219392	0.9922251323619545	-0.005465381901340428	0.0775362151217407
0.03212500000000002	1.68203691432882e-05	0.050989157652834544	0.012313271168095934	0.9930761178404235	-0.005343809265050039	0.07730909910086214
0.03225000000000002	1.6818862178764767e-05	0.05098846843232051	0.012322952284243766	0.9922089085499839	-0.005464075391873813	0.07701431132912287
0.03237500000000002	1.681753602063256e-05	0.05098776570073542	0.012332594018200551	0.9930940972905878	-0.0053228872559397955	0.07678435028164113
0.03250000000000002	1.6816020166085683e-05	0.050987082498328985	0.01234221045841543	0.9921302211336614	-0.005442410087383318	0.07648122107228433
0.03262500000000002	1.6814672877402125e-05	0.05098638486698423	0.012351785908510618	0.9930227070404658	-0.005270937132302383	0.07624869061406023
0.03275000000000002	1.681313186294373e-05	0.05098570867828371	0.012361335139573604	0.9919626531296533	-0.005389911996307675	0.07594015775919231
0.03287500000000002	1.681173862986307e-05	0.05098501887248706	0.012370845625496823	0.9929576782226807	-0.005208674126635361	0.07571066548863842
0.03300000000000002	1.681022422121132e-05	0.050984352164301035	0.01238033297305639	0.9918250499327188	-0.005308409782232423	0.07539366701810808
0.03312500000000002	1.680878740665942e-05	0.05098367264703807	0.012389778294404236	0.992897014215941	-0.005115329790009672	0.0751640191647672
0.03325000000000002	1.680730341839955e-05	0.05098301577310821	0.012399202799709148	0.9917149248270869	-0.0052022287719894434	0.0748443779608942
0.03337500000000002	1.6805822867064647e-05	0.05098234702205036	0.012408584001951394	0.9928528693783701	-0.005019182887773982	0.07460453248937966
0.03350000000000002	1.6804391871414374e-05	0.050981699836001766	0.012417942843170628	0.9916929576289899	-0.005109892795139713	0.07429880602293533
0.03362500000000002	1.6802871035997476e-05	0.05098104178940513	0.012427264659216578	0.9928797704537538	-0.004957196979002936	0.07403434099249263
0.03375000000000002	1.6801481530394643e-05	0.05098040428811864	0.012436549553192872	0.9917574553271511	-0.005013879357469008	0.0737669606608976
0.03387500000000002	1.679994010363537e-05	0.05097975875422378	0.012445809312324694	0.9928908517678731	-0.004829372455950258	0.0734763810456201
0.03400000000000002	1.6798527713376853e-05	0.050979133199552495	0.012455024508770444	0.9916832404306889	-0.0048946182787196115	0.07323437363122805
0.03412500000000002	1.6796950457808205e-05	0.05097850311223878	0.012464212404594404	0.992845365544525	-0.004698517565932317	0.07292753591920066
0.034250000000000023	1.6795503271997065e-05	0.05097788878756466	0.012473358370549307	0.9917174203483853	-0.004755228839769678	0.0726887050911043
0.034375000000000024	1.679392926671386e-05	0.05097727664850187	0.012482476777206389	0.992814845209768	-0.004569583548179843	0.07238040835228474
0.034500000000000024	1.6792436897023826e-05	0.05097667742038101	0.01249154976871579	0.99177391598215	-0.004623118349224595	0.0721226153419158
0.034625000000000024	1.6790902204968042e-05	0.05097608531742342	0.01250059676420528	0.9928444210489615	-0.004448760384785342	0.07182405158364942
0.034750000000000024	1.6789335802496068e-05	0.050975502390661065	0.012509597762026427	0.9918710285048092	-0.0045123720755280644	0.07153558535660302
0.034875000000000024	1.6787873571747045e-05	0.05097492867669593	0.012518569419546247	0.9928468577016668	-0.004334666314196912	0.07126243444595295
0.035000000000000024	1.678621782692641e-05	0.050974359912848814	0.012527499759202062	0.9918625487668387	-0.004409815806226913	0.07096116806702998
0.035125000000000024	1.678478541130083e-05	0.05097380069766111	0.012536393768645467	0.9927819645872296	-0.004230992112525179	0.07068661817858549
0.035250000000000024	1.6783064461551787e-05	0.05097324482351585	0.012545249674891583	0.9918185056388751	-0.004311002138288989	0.07037375496380259
0.035375000000000024	1.6781651581218184e-05	0.05097270004007564	0.012554067892414556	0.9927375396490776	-0.004119787617824005	0.0700971433052975
0.035500000000000025	1.6779914264431546e-05	0.05097215829077512	0.012562846161843357	0.9917727473884496	-0.0042056604823652016	0.06977535745849642
0.035625000000000025	1.677852266707647e-05	0.050971628204846346	0.01257158673797385	0.9927073282227201	-0.003996444224926615	0.06949628158902961
0.035750000000000025	1.6776750729489113e-05	0.050971103061551754	0.012580289994242795	0.9916105264470025	-0.0040756249823267815	0.06916671938382313
0.035875000000000025	1.6775375638405185e-05	0.05097058778783786	0.012588948706846634	0.9926552799269794	-0.0038562179119453074	0.06888890320272166
0.036000000000000025	1.6773644044338263e-05	0.050970079304384124	0.012597583164166577	0.991559513339096	-0.00394502898184261	0.06855001811903039
0.036125000000000025	1.6772285500467127e-05	0.05096958025281009	0.012606160591702295	0.9926061408951207	-0.0037278347807961345	0.06827700220946471
0.036250000000000025	1.6770618389994854e-05	0.050969091393538404	0.012614721690219361	0.9914863416950033	-0.0037994483373116157	0.06792855816952938
0.036375000000000025	1.6769264641195685e-05	0.0509686081564837	0.01262322287843118	0.9925780691330611	-0.003580060903887812	0.06765427136250951
0.036500000000000025	1.6767676500951944e-05	0.050968138210893806	0.012631708339601668	0.9914266968913824	-0.003652365193130109	0.06731156318117375
0.036625000000000026	1.6766330526961732e-05	0.050967670085604946	0.012640131682731964	0.9925787917370646	-0.0034540521051716366	0.06702015107252816
0.036750000000000026	1.6764796982373774e-05	0.050967219069057934	0.012648544268675465	0.9913886135090776	-0.003506768344834015	0.06669905185700221
0.036875000000000026	1.6763450100891663e-05	0.050966768582307635	0.01265688707624834	0.9925834397025797	-0.003323893631300827	0.06637881150874503
0.037000000000000026	1.6761996009639966e-05	0.05096633651850589	0.012665219433484533	0.9915046235502399	-0.0033702544102625514	0.06608912263103857
0.037125000000000026	1.6760605332806784e-05	0.05096590192564898	0.012673488132877856	0.9925917920925104	-0.0031794949782884374	0.0657499939339109
0.037250000000000026	1.6759188791951087e-05	0.05096549013277343	0.012681735656254469	0.991437579051472	-0.0032132297058931553	0.06547719028594068
0.037375000000000026	1.675772424899399e-05	0.05096507406042189	0.012689928667905316	0.9925735798257924	-0.003030899228646648	0.06511969973857826
0.037500000000000026	1.6756317514443896e-05	0.05096467965549902	0.012698091999803162	0.9914582798926043	-0.003075067774748352	0.0648552790107733
0.037625000000000026	1.675480850923987e-05	0.050964281131448214	0.012706208100927957	0.9925454549326899	-0.0028906686062695553	0.06449000538556983
0.03775000000000003	1.6753375843726134e-05	0.050963906600156435	0.012714288882288477	0.9913740276510724	-0.0029236779648488705	0.06422733297589277
0.03787500000000003	1.6751798246795855e-05	0.050963528018864744	0.012722326159862091	0.9924354694222177	-0.0027259713921689434	0.06386364431235375
0.03800000000000003	1.6750347199200905e-05	0.05096317279107757	0.012730320451243067	0.9913400106313923	-0.002791016328524681	0.06359142531592048
0.03812500000000003	1.6748714356578027e-05	0.05096281124921706	0.012738287087843126	0.9922876689091031	-0.0025860686152390576	0.06324783382877922
0.03825000000000003	1.6747181048737967e-05	0.0509624750597293	0.01274619306146639	0.9911678108222536	-0.0026332966237712302	0.06295383687433599
0.03837500000000003	1.6745545019229976e-05	0.05096213291968877	0.012754084787228963	0.992191508348629	-0.002412467021519948	0.06264013211807964
0.03850000000000003	1.6743982276676595e-05	0.050961815111829775	0.012761913113909219	0.9911159281218329	-0.0025071554758503293	0.06232708332142758
0.03862500000000003	1.6742357282783545e-05	0.0509614930612963	0.012769727226416139	0.9920678296732638	-0.0023079855259483914	0.062033431886643946
0.03875000000000003	1.6740690973213677e-05	0.05096119552278017	0.01277747568146169	0.9909312759849206	-0.002358317421571592	0.061696524688559504
0.03887500000000003	1.673907627941077e-05	0.05096089250903878	0.012785206513660888	0.9919623691429931	-0.002143272669249562	0.06141808385319192
0.03900000000000003	1.6737426689110825e-05	0.05096061145662636	0.01279287827722545	0.9910009493105947	-0.002252549024895471	0.061065302273845816
0.03912500000000003	1.673585991214795e-05	0.05096032738904858	0.012800533333532189	0.9919442358449513	-0.0020326152345516144	0.06079185982068151
0.03925000000000003	1.673415063533218e-05	0.05096006625110631	0.012808123836504181	0.9907949968146889	-0.0021022670728368174	0.060421373966525777
0.03937500000000003	1.6732634768486897e-05	0.05095980318296678	0.01281568767275385	0.9919375791382519	-0.001886050964487269	0.06014945063311864
0.03950000000000003	1.6730960486142715e-05	0.05095955656359275	0.012823204652342345	0.9908014343210635	-0.001988997606730442	0.059780973400036436
0.03962500000000003	1.672949983362979e-05	0.050959310176144475	0.01283068251397417	0.9919002988424861	-0.0017917528125845315	0.05950189401426137
0.03975000000000003	1.6727860256259583e-05	0.050959079142828344	0.012838121174169829	0.9906873184412801	-0.0018527645289648758	0.059115503145577945
0.03987500000000003	1.6726440336345717e-05	0.050958847666493244	0.012845513659886086	0.9918757442031142	-0.001671619530132891	0.058842775629223576
0.04000000000000003	1.6724891265007107e-05	0.0509586280078617	0.012852872089857212	0.9907664601382484	-0.001761969259203954	0.05845901982139792
0.04012500000000003	1.672354491719789e-05	0.05095840793530258	0.012860182828614626	0.9918809415751905	-0.0016072773769298437	0.05819092944158333
0.04025000000000003	1.6722017554338286e-05	0.050958198372706244	0.012867464087621095	0.990623585646186	-0.001660788154592768	0.05781370455669551
0.04037500000000003	1.6720679672853124e-05	0.050957985647545084	0.012874686335750885	0.9918361369222051	-0.0015089586296858756	0.05753263814928977
0.04050000000000003	1.671916700068454e-05	0.05095778356468148	0.012881894179648327	0.990657150542502	-0.0015881568835171892	0.05718655850646397
0.04062500000000003	1.671783449308848e-05	0.050957577136454574	0.012889038230542093	0.9917819629712397	-0.001437043721391762	0.0568838601308733
0.04075000000000003	1.671632172921385e-05	0.05095738470392334	0.012896167383552891	0.9905702456120843	-0.0014959937382115884	0.056568176001737115
0.04087500000000003	1.67149657338297e-05	0.05095718689829987	0.012903236652914823	0.99174226632852	-0.001338865307478943	0.05624842098117588
0.04100000000000003	1.671345321583675e-05	0.05095700329900218	0.012910289096960802	0.9905484489682365	-0.0014115889497612047	0.0559616911306524
0.04112500000000003	1.671208422825684e-05	0.05095681546037408	0.012917282676845322	0.9917233519946888	-0.001257095729263819	0.05562691818927026
0.04125000000000003	1.671055659909151e-05	0.050956641035753564	0.012924263275540145	0.9904777347637107	-0.0013143256893617583	0.05536510401870669
0.04137500000000003	1.670915493631905e-05	0.05095646473614427	0.012931176225978154	0.9917032480444186	-0.0011553422378304233	0.05501427191725602
0.04150000000000003	1.670764745375752e-05	0.05095630288980737	0.01293808030360992	0.9905544527974569	-0.001228207180794432	0.054768290758329036
0.04162500000000003	1.6706201606544527e-05	0.050956139234766114	0.012944919714723314	0.9916633969767884	-0.0010651182925168268	0.05441112541046727
